Workbook

Sheet proteomics
A1: Enzymes | B1: reactions | C1: Enzyme steady (mg/g) | D1: Enzyme cut (mg/g) | E1: Log_scaled_change | F1: accepted | G1: Completed
A2: galM | B2: EX_glc_e | C2: 0.0842 | D2: 0.00163 | E2: - | F2: no
A3: glk | B3: - | C3: - | D3: - | E3: - | F3: no
A4: pgm | B4: - | C4: - | D4: - | E4: - | F4: no
A5: pgi | B5: PGI | C5: =0.271 -> 0.271 | D5: 0.0166 | E5: =LN(C5)-LN(D5) -> 2.7927161 | F5: yes | G5: + | H5: =D5/C5 -> 0.061254613
A6: pfkA | B6: PFK | C6: =0.0169 + 0.119 -> 0.1359 | D6: 2.17 | E6: =LN(C6)-LN(D6) -> -2.7705631 | F6: no | H6: =D6/C6 -> 15.967623
A7: pfkB | B7: PFK | C7: 0.119 | D7: 0.0001 | E7: =LN(C7)-LN(D7) -> 7.0817086 | F7: yes | H7: =D7/C7 -> 0.00084033613
A8: fbp | B8: FBP | C8: 0.181 | D8: 0.0001 | E8: =LN(C8)-LN(D8) -> 7.5010821 | F8: yes | H8: =D8/C8 -> 0.00055248619
A9: fbaB | B9: FBA | C9: - | D9: - | E9: - | F9: no
A10: gapC | B10: - | C10: - | D10: - | E10: - | F10: no
A11: gpmA | B11: PGM | C11: 1.14 | D11: 0.028 | E11: =LN(C11)-LN(D11) -> 3.706579 | F11: yes | H11: =D11/C11 -> 0.024561404
A12: gpmB | B12: PGM | C12: =1.14 -> 1.14 | D12: =1.48 -> 1.48 | E12: =LN(C12)-LN(D12) -> -0.26101383 | F12: no
A13: pykA | B13: PYK | C13: =0.254+ 0.676 -> 0.93 | D13: 0.32 | E13: =LN(C13)-LN(D13) -> 1.0668636 | F13: yes | H13: =D13/C13 -> 0.34408602
A14: pykF | B14: PYK | C14: =C13 -> 0.93 | D14: =0.153+0.00599 -> 0.15899 | E14: =LN(C14)-LN(D14) -> 1.7663433 | F14: no | H14: =D14/C14 -> 0.17095699
A15: ppsA | B15: PPS | C15: 0.322 | D15: 0.00445 | E15: =LN(C15)-LN(D15) -> 4.2816474 | F15: yes | H15: =D15/C15 -> 0.013819876
A16: zwf | B16: G6PDHr2 | C16: 0.0763 | D16: 0.0001 | E16: =LN(C16)-LN(D16) -> 6.637258 | F16: yes | H16: =D16/C16 -> 0.001310616
A17: pgl | B17: PGL | C17: 0.152 | D17: 0.0169 | E17: =LN(C17)-LN(D17) -> 2.1965669 | F17: yes | H17: =D17/C17 -> 0.11118421
A18: gnd | B18: GND | C18: 0.338 | D18: 0.0001 | E18: =LN(C18)-LN(D18) -> 8.125631 | F18: yes | H18: =D18/C18 -> 0.00029585799
A19: rpe | B19: RPE | C19: 0.0996 | D19: 0.00538 | E19: =LN(C19)-LN(D19) -> 2.9184738 | F19: yes | H19: =D19/C19 -> 0.054016064
A20: rpiA | B20: RPI | C20: 0.0605 | D20: 0.0301 | E20: =LN(C20)-LN(D20) -> 0.69811819 | F20: yes | H20: =D20/C20 -> 0.49752066
A21: rpiB | B21: RPI | C21: - | D21: - | E21: - | F21: no
A22: tktA | B22: TKT1,TKT2 | C22: =0.655+ 0.392 -> 1.047 | D22: 0.984 | E22: =LN(C22)-LN(D22) -> 0.062058314 | F22: no
A23: tktB | B23: TKT1,TKT2 | C23: =0.655+ 0.392 -> 1.047 | D23: 0.24 | E23: =LN(C23)-LN(D23) -> 1.4730453 | F23: yes | H23: =D23/C23 -> 0.22922636
A24: talA | B24: TALA | C24: =0.264+0.337 -> 0.601 | D24: 0.199 | E24: =LN(C24)-LN(D24) -> 1.1052901 | F24: yes | H24: =D24/C24 -> 0.33111481
A25: talB | B25: TALA | C25: =C24 -> 0.601 | D25: =0.234+ 0.00697 -> 0.24097 | E25: =LN(C25)-LN(D25) -> 0.91392249 | F25: no

Sheet fluxes
A1: Reaction | B1: steady state | C1: pgi | D1: pfkB | E1: fbp | F1: gpmA | G1: pykA | H1: ppsA | I1: zwf | J1: pgl | K1: gnd | L1: rpe | M1: rpiA | N1: tktB | O1: talA
A2: GLCpts | B2: 2.752 | C2: 2.73 | D2: 2.84 | E2: 2.7 | F2: 2.7 | G2: 2.82 | H2: 3 | I2: 3.18 | J2: 3.36 | K2: 2.92 | L2: 3.63 | M2: 3.18 | N2: 2.97 | O2: 2.8
A3: PGI | B3: 1.843 | C3: 0.0001 | D3: 1.477 | E3: 2.295 | F3: 2.241 | G3: 2.087 | H3: 2.04 | I3: 3.148 | J3: 2.621 | K3: 2.891 | L3: 3.34 | M3: 2.131 | N3: 2.554 | O3: 2.38
A4: PFK | B4: 2.373 | C4: 0.928 | D4: 2.187 | E4: 2.349 | F4: 2.322 | G4: 2.369 | H4: 2.46 | I4: 2.957 | J4: 2.89 | K4: 2.716 | L4: 3.34 | M4: 2.194 | N4: 2.614 | O4: 2.436
A5: FBA | B5: 2.283 | C5: 0.928 | D5: 2.187 | E5: 2.349 | F5: 2.322 | G5: 2.369 | H5: 2.46 | I5: 2.957 | J5: 2.89 | K5: 2.716 | L5: 3.34 | M5: 2.194 | N5: 2.614 | O5: 2.436
A6: TPI | B6: 2.283 | C6: 0.928 | D6: 2.187 | E6: 2.349 | F6: 2.322 | G6: 2.369 | H6: 2.46 | I6: 2.957 | J6: 2.89 | K6: 2.716 | L6: 3.34 | M6: 2.194 | N6: 2.614 | O6: 2.436
A7: GAPD | B7: 4.738 | C7: 3.276 | D7: 4.629 | E7: 4.671 | F7: 4.644 | G7: 4.794 | H7: 5.1 | I7: 5.756 | J7: 5.813 | K7: 5.314 | L7: 6.57 | M7: 4.993 | N7: 5.198 | O7: 4.872
A8: PGM | B8: -4.471 | C8: -2.976 | D8: -4.345 | E8: -4.374 | F8: -4.347 | G8: -4.512 | H8: -4.8 | I8: -5.438 | J8: -5.443 | K8: -5.052 | L8: -6.28 | M8: -4.706 | N8: -4.901 | O8: -4.564
A9: PYK | B9: 1.56 | C9: 0.137 | D9: 1.392 | E9: 1.539 | F9: 1.107 | G9: 1.438 | H9: 1.05 | I9: 2.162 | J9: 1.714 | K9: 1.956 | L9: 2.541 | M9: 1.431 | N9: 1.188 | O9: 1.092
A10: PDH | B10: 3.894 | C10: 3.331 | D10: 3.692 | E10: 3.834 | F10: 3.186 | G10: 3.638 | H10: 3.42 | I10: 4.961 | J10: 4.402 | K10: 4.351 | L10: 5.554 | M10: 4.611 | N10: 3.564 | O10: 3.276
A11: PGL | B11: 0.872 | C11: 2.675 | D11: 1.335 | E11: 0.378 | F11: 0.432 | G11: 0.677 | H11: 0.93 | I11: 0.0001 | J11: 0.672 | K11: 0.0001 | L11: 0.254 | M11: 0.986 | N11: 0.386 | O11: 0.364
A12: GND | B12: 0.872 | C12: 1.665 | D12: 1.335 | E12: 0.378 | F12: 0.432 | G12: 0.677 | H12: 0.93 | I12: 0.0001 | J12: 0.672 | K12: 0.0001 | L12: 0.254 | M12: 0.382 | N12: 0.386 | O12: 0.364
A13: RPE | B13: 0.452 | C13: 0.956 | D13: 0.71 | E13: 0.081 | F13: 0.135 | G13: 0.282 | H13: 0.45 | I13: -0.159 | J13: 0.269 | K13: -0,146 | L13: 0.0001 | M13: 0.095 | N13: 0.089 | O13: 0.084
A14: RPI | B14: -0.419 | C14: -0.853 | D14: -0.689 | E14: -0.361 | F14: -0.361 | G14: -0.459 | H14: -0.525 | I14: -0.164 | J14: -0.394 | K14: -0,164 | L14: -0.23 | M14: -0.295 | N14: -0.328 | O14: -0.328
A15: TKT1 | B15: 0.258 | C15: 0.519 | D15: 0.398 | E15: 0.081 | F15: 0.108 | G15: 0.197 | H15: 0.27 | I15: -0.032 | J15: 0.202 | K15: -0,029 | L15: 0.036 | M15: 0.095 | N15: 0.089 | O15: 0.084
A16: TALA | B16: 0.258 | C16: 0.519 | D16: 0.398 | E16: 0.081 | F16: 0.108 | G16: 0.197 | H16: 0.27 | I16: -0.032 | J16: 0.202 | K16: -0,029 | L16: 0.036 | M16: 0.095 | N16: 0.089 | O16: 0.084
A17: TKT2 | B17: 0.194 | C17: 0.437 | D17: 0.312 | E17: 0.0001 | F17: 0.027 | G17: 0.113 | H17: 0.18 | I17: -0.127 | J17: 0.101 | K17: -0,117 | L17: -0,036 | M17: 0.0001 | N17: 0.0001 | O17: 0.0001
A18: CS | B18: 2.689 | C18: 1.829 | D18: 2.158 | E18: 2.214 | F18: 2.16 | G18: 2.341 | H18: 2.61 | I18: 3.275 | J18: 2.957 | K18: 3.154 | L18: 4.029 | M18: 3.148 | N18: 2.732 | O18: 2.408
A19: ACONTa | B19: 2.689 | C19: 1.829 | D19: 2.158 | E19: 2.214 | F19: 2.16 | G19: 2.341 | H19: 2.61 | I19: 3.275 | J19: 2.957 | K19: 3.154 | L19: 4.029 | M19: 3.148 | N19: 2.732 | O19: 2.408
A20: ICDHyr | B20: 2.154 | C20: 1.119 | D20: 1.448 | E20: 1.404 | F20: 1.971 | G20: 1.833 | H20: 2.61 | I20: 2.417 | J20: 2.453 | K20: 2.716 | L20: 3.412 | M20: 2.512 | N20: 2.732 | O20: 2.324
A21: AKGDH | B21: 1.961 | C21: 0.901 | D21: 1.221 | E21: 1.161 | F21: 1.728 | G21: 1.607 | H21: 2.37 | I21: 2.162 | J21: 2.184 | K21: 2.482 | L21: 3.158 | M21: 2.29 | N21: 2.495 | O21: 2.1
A22: SUCDi | B22: 2.613 | C22: 1.583 | D22: 1.931 | E22: 1.971 | F22: 1.944 | G22: 2.087 | H22: 2.37 | I22: 3.021 | J22: 2.688 | K22: 2.949 | L22: 3.812 | M22: 2.926 | N22: 2.495 | O22: 2.156
A23: FUM | B23: 2.496 | C23: 1.583 | D23: 1.931 | E23: 1.971 | F23: 1.944 | G23: 2.087 | H23: 2.37 | I23: 3.021 | J23: 2.688 | K23: 2.949 | L23: 3.812 | M23: 2.926 | N23: 2.495 | O23: 2.156
A24: MDH | B24: 2.694 | C24: 2.211 | D24: 2.556 | E24: 2.565 | F24: 2.133 | G24: 2.594 | H24: 2.37 | I24: 3.657 | J24: 3.158 | K24: 3.416 | L24: 4.429 | M24: 3.53 | N24: 2.495 | O24: 2.212
A25: PPC | B25: 0.364 | C25: 0.0001 | D25: 0.0001 | E25: 0.027 | F25: 0.432 | G25: 0.141 | H25: 0.63 | I25: 0.0001 | J25: 0.235 | K25: 0.088 | L25: 0.0001 | M25: 0.0001 | N25: 0.624 | O25: 0.56
A26: ME1 | B26: 0.0467 | C26: 0.055 | D26: 0.057 | E26: 0.216 | F26: 0.0001 | G26: 0.0001 | H26: 0.0001 | I26: 0.223 | J26: 0.0001 | K26: 0.0001 | L26: 0.0001 | M26: 0.0001 | N26: 0.0001 | O26: 0.0001
A27: ICL | B27: 0.534 | C27: 0.683 | D27: 0.71 | E27: 0.81 | F27: 0.189 | G27: 0.508 | H27: 0.0001 | I27: 0.859 | J27: 0.504 | K27: 0.467 | L27: 0.617 | M27: 0.636 | N27: 0.0001 | O27: 0.056
A28: MALS | B28: 0.534 | C28: 0.683 | D28: 0.71 | E28: 0.81 | F28: 0.189 | G28: 0.508 | H28: 0.0001 | I28: 0.859 | J28: 0.504 | K28: 0.467 | L28: 0.617 | M28: 0.636 | N28: 0.0001 | O28: 0.056
A29: EX_co2_e | B29: 8.905 | C29: 7.071 | D29: 7.753 | E29: 6.939 | F29: 6.885 | G29: 7.614 | H29: 8.7 | I29: 9.763 | J29: 9.475 | K29: 9.461 | L29: 12.378 | M29: 9.763 | N29: 8.524 | O29: 7.504

Sheet FCC
A1: Reaction | B1: fcc(pgi) | C1: fcc(pfkB) | D1: fcc(fbp) | E1: fcc(gpmA) | F1: fcc(pykA) | G1: fcc(ppsA) | H1: fcc(zwf) | I1: fcc(pgl) | J1: fcc(gnd) | K1: fcc(rpe) | L1: fcc(rpiA) | M1: fcc(tktB) | N1: fcc(talA)
A2: GLCpts | B2: =(LN(fluxes!B2)-LN(fluxes!C2))/(proteomics!$E$5) -> 0.002874016 | C2: =(LN(fluxes!B2)-LN(fluxes!D2))/(proteomics!$E$7) -> -0.0044447087 | D2: =(LN(fluxes!B2)-LN(fluxes!E2))/(proteomics!$E$8) -> 0.0025431193 | E2: =(LN(fluxes!B2)-LN(fluxes!F2))/(proteomics!$E$11) -> 0.0051465642 | F2: =(LN(fluxes!B2)-LN(fluxes!G2))/(proteomics!$E$13) -> -0.022879181 | G2: =(LN(fluxes!B2)-LN(fluxes!H2))/(proteomics!$E$15) -> -0.020152142 | H2: =(LN(fluxes!B2)-LN(fluxes!I2))/(proteomics!$E$16) -> -0.021779065 | I2: =(LN(fluxes!B2)-LN(fluxes!J2))/(proteomics!$E$17) -> -0.090875017 | J2: =(LN(fluxes!B2)-LN(fluxes!K2))/(proteomics!$E$18) -> -0.0072924424 | K2: =(LN(fluxes!B2)-LN(fluxes!L2))/(proteomics!$E$19) -> -0.094879978 | L2: =(LN(fluxes!B2)-LN(fluxes!M2))/(proteomics!$E$20) -> -0.20706132 | M2: =(LN(fluxes!B2)-LN(fluxes!N2))/(proteomics!$E$23) -> -0.051752674 | N2: =(LN(fluxes!B2)-LN(fluxes!O2))/(proteomics!$E$24) -> -0.015644306
A3: PGI | B3: =(LN(fluxes!B3)-LN(fluxes!C3))/(proteomics!$E$5) -> 3.5169114 | C3: =(LN(fluxes!B3)-LN(fluxes!D3))/(proteomics!$E$7) -> 0.031261054 | D3: =(LN(fluxes!B3)-LN(fluxes!E3))/(proteomics!$E$8) -> -0.02924087 | E3: =(LN(fluxes!B3)-LN(fluxes!F3))/(proteomics!$E$11) -> -0.052751476 | F3: =(LN(fluxes!B3)-LN(fluxes!G3))/(proteomics!$E$13) -> -0.11654062 | G3: =(LN(fluxes!B3)-LN(fluxes!H3))/(proteomics!$E$15) -> -0.023718704 | H3: =(LN(fluxes!B3)-LN(fluxes!I3))/(proteomics!$E$16) -> -0.08066172 | I3: =(LN(fluxes!B3)-LN(fluxes!J3))/(proteomics!$E$17) -> -0.16032348 | J3: =(LN(fluxes!B3)-LN(fluxes!K3))/(proteomics!$E$18) -> -0.055405886 | K3: =(LN(fluxes!B3)-LN(fluxes!L3))/(proteomics!$E$19) -> -0.20372845 | L3: =(LN(fluxes!B3)-LN(fluxes!M3))/(proteomics!$E$20) -> -0.20798294 | M3: =(LN(fluxes!B3)-LN(fluxes!N3))/(proteomics!$E$23) -> -0.22149087 | N3: =(LN(fluxes!B3)-LN(fluxes!O3))/(proteomics!$E$24) -> -0.23134723
A4: PFK | B4: =(LN(fluxes!B4)-LN(fluxes!C4))/(proteomics!$E$5) -> 0.33618831 | C4: =(LN(fluxes!B4)-LN(fluxes!D4))/(proteomics!$E$7) -> 0.011526065 | D4: =(LN(fluxes!B4)-LN(fluxes!E4))/(proteomics!$E$8) -> 0.001355174 | E4: =(LN(fluxes!B4)-LN(fluxes!F4))/(proteomics!$E$11) -> 0.0058614949 | F4: =(LN(fluxes!B4)-LN(fluxes!G4))/(proteomics!$E$13) -> 0.0015813196 | G4: =(LN(fluxes!B4)-LN(fluxes!H4))/(proteomics!$E$15) -> -0.0084094669 | H4: =(LN(fluxes!B4)-LN(fluxes!I4))/(proteomics!$E$16) -> -0.033149271 | I4: =(LN(fluxes!B4)-LN(fluxes!J4))/(proteomics!$E$17) -> -0.089731628 | J4: =(LN(fluxes!B4)-LN(fluxes!K4))/(proteomics!$E$18) -> -0.016614738 | K4: =(LN(fluxes!B4)-LN(fluxes!L4))/(proteomics!$E$19) -> -0.11712143 | L4: =(LN(fluxes!B4)-LN(fluxes!M4))/(proteomics!$E$20) -> 0.11234289 | M4: =(LN(fluxes!B4)-LN(fluxes!N4))/(proteomics!$E$23) -> -0.065664402 | N4: =(LN(fluxes!B4)-LN(fluxes!O4))/(proteomics!$E$24) -> -0.02370633
A5: FBA | B5: =(LN(fluxes!B5)-LN(fluxes!C5))/(proteomics!$E$5) -> 0.32234351 | C5: =(LN(fluxes!B5)-LN(fluxes!D5))/(proteomics!$E$7) -> 0.0060662798 | D5: =(LN(fluxes!B5)-LN(fluxes!E5))/(proteomics!$E$8) -> -0.0037993636 | E5: =(LN(fluxes!B5)-LN(fluxes!F5))/(proteomics!$E$11) -> -0.0045698515 | F5: =(LN(fluxes!B5)-LN(fluxes!G5))/(proteomics!$E$13) -> -0.034660061 | G5: =(LN(fluxes!B5)-LN(fluxes!H5))/(proteomics!$E$15) -> -0.017439778 | H5: =(LN(fluxes!B5)-LN(fluxes!I5))/(proteomics!$E$16) -> -0.03897466 | I5: =(LN(fluxes!B5)-LN(fluxes!J5))/(proteomics!$E$17) -> -0.10733392 | J5: =(LN(fluxes!B5)-LN(fluxes!K5))/(proteomics!$E$18) -> -0.02137309 | K5: =(LN(fluxes!B5)-LN(fluxes!L5))/(proteomics!$E$19) -> -0.13036966 | L5: =(LN(fluxes!B5)-LN(fluxes!M5))/(proteomics!$E$20) -> 0.056958845 | M5: =(LN(fluxes!B5)-LN(fluxes!N5))/(proteomics!$E$23) -> -0.091912481 | N5: =(LN(fluxes!B5)-LN(fluxes!O5))/(proteomics!$E$24) -> -0.058687743
A6: TPI | B6: =(LN(fluxes!B6)-LN(fluxes!C6))/(proteomics!$E$5) -> 0.32234351 | C6: =(LN(fluxes!B6)-LN(fluxes!D6))/(proteomics!$E$7) -> 0.0060662798 | D6: =(LN(fluxes!B6)-LN(fluxes!E6))/(proteomics!$E$8) -> -0.0037993636 | E6: =(LN(fluxes!B6)-LN(fluxes!F6))/(proteomics!$E$11) -> -0.0045698515 | F6: =(LN(fluxes!B6)-LN(fluxes!G6))/(proteomics!$E$13) -> -0.034660061 | G6: =(LN(fluxes!B6)-LN(fluxes!H6))/(proteomics!$E$15) -> -0.017439778 | H6: =(LN(fluxes!B6)-LN(fluxes!I6))/(proteomics!$E$16) -> -0.03897466 | I6: =(LN(fluxes!B6)-LN(fluxes!J6))/(proteomics!$E$17) -> -0.10733392 | J6: =(LN(fluxes!B6)-LN(fluxes!K6))/(proteomics!$E$18) -> -0.02137309 | K6: =(LN(fluxes!B6)-LN(fluxes!L6))/(proteomics!$E$19) -> -0.13036966 | L6: =(LN(fluxes!B6)-LN(fluxes!M6))/(proteomics!$E$20) -> 0.056958845 | M6: =(LN(fluxes!B6)-LN(fluxes!N6))/(proteomics!$E$23) -> -0.091912481 | N6: =(LN(fluxes!B6)-LN(fluxes!O6))/(proteomics!$E$24) -> -0.058687743
A7: GAPD | B7: =(LN(fluxes!B7)-LN(fluxes!C7))/(proteomics!$E$5) -> 0.13212655 | C7: =(LN(fluxes!B7)-LN(fluxes!D7))/(proteomics!$E$7) -> 0.0032865294 | D7: =(LN(fluxes!B7)-LN(fluxes!E7))/(proteomics!$E$8) -> 0.0018986493 | E7: =(LN(fluxes!B7)-LN(fluxes!F7))/(proteomics!$E$11) -> 0.0054063442 | F7: =(LN(fluxes!B7)-LN(fluxes!G7))/(proteomics!$E$13) -> -0.01101362 | G7: =(LN(fluxes!B7)-LN(fluxes!H7))/(proteomics!$E$15) -> -0.017195585 | H7: =(LN(fluxes!B7)-LN(fluxes!I7))/(proteomics!$E$16) -> -0.029323507 | I7: =(LN(fluxes!B7)-LN(fluxes!J7))/(proteomics!$E$17) -> -0.093091489 | J7: =(LN(fluxes!B7)-LN(fluxes!K7))/(proteomics!$E$18) -> -0.014119487 | K7: =(LN(fluxes!B7)-LN(fluxes!L7))/(proteomics!$E$19) -> -0.11201016 | L7: =(LN(fluxes!B7)-LN(fluxes!M7))/(proteomics!$E$20) -> -0.075090187 | M7: =(LN(fluxes!B7)-LN(fluxes!N7))/(proteomics!$E$23) -> -0.062902907 | N7: =(LN(fluxes!B7)-LN(fluxes!O7))/(proteomics!$E$24) -> -0.025232674
A8: PGM | B8: =((fluxes!B8-fluxes!C8)/(proteomics!C5-proteomics!D5))*(proteomics!D5/fluxes!C8) -> 0.032779268 | C8: =((fluxes!B8-fluxes!D8)/(proteomics!C7-proteomics!D7))*(proteomics!D7/fluxes!D8) -> 2.4389276e-05 | D8: =((fluxes!B8-fluxes!E8)/(proteomics!C8-proteomics!D8))*(proteomics!D8/fluxes!E8) -> 1.2258981e-05 | E8: =((fluxes!B8-fluxes!F8)/(proteomics!C11-proteomics!D11))*(proteomics!D11/fluxes!F8) -> 0.00071826597 | F8: =((fluxes!B8-fluxes!G8)/(proteomics!C13-proteomics!D13))*(proteomics!D13/fluxes!G8) -> -0.0047668876 | G8: =((fluxes!B8-fluxes!H8)/(proteomics!C15-proteomics!D15))*(proteomics!D15/fluxes!H8) -> -0.00096051147 | H8: =((fluxes!B8-fluxes!I8)/(proteomics!C16-proteomics!D16))*(proteomics!D16/fluxes!I8) -> -0.00023336316 | I8: =((fluxes!B8-fluxes!J8)/(proteomics!C17-proteomics!D17))*(proteomics!D17/fluxes!J8) -> -0.022338772 | J8: =((fluxes!B8-fluxes!K8)/(proteomics!C18-proteomics!D18))*(proteomics!D18/fluxes!K8) -> -3.4034909e-05 | K8: =((fluxes!B8-fluxes!L8)/(proteomics!C19-proteomics!D19))*(proteomics!D19/fluxes!L8) -> -0.016448189 | L8: =((fluxes!B8-fluxes!M8)/(proteomics!C20-proteomics!D20))*(proteomics!D20/fluxes!M8) -> -0.04944346 | M8: =((fluxes!B8-fluxes!N8)/(proteomics!C23-proteomics!D23))*(proteomics!D23/fluxes!N8) -> -0.026092847 | N8: =((fluxes!B8-fluxes!O8)/(proteomics!C24-proteomics!D24))*(proteomics!D24/fluxes!O8) -> -0.010087054
A9: PYK | B9: =(LN(fluxes!B9)-LN(fluxes!C9))/(proteomics!$E$5) -> 0.87100159 | C9: =(LN(fluxes!B9)-LN(fluxes!D9))/(proteomics!$E$7) -> 0.016089939 | D9: =(LN(fluxes!B9)-LN(fluxes!E9))/(proteomics!$E$8) -> 0.0018068015 | E9: =(LN(fluxes!B9)-LN(fluxes!F9))/(proteomics!$E$11) -> 0.092546838 | F9: =(LN(fluxes!B9)-LN(fluxes!G9))/(proteomics!$E$13) -> 0.076328935 | G9: =(LN(fluxes!B9)-LN(fluxes!H9))/(proteomics!$E$15) -> 0.092463394 | H9: =(LN(fluxes!B9)-LN(fluxes!I9))/(proteomics!$E$16) -> -0.049169084 | I9: =(LN(fluxes!B9)-LN(fluxes!J9))/(proteomics!$E$17) -> -0.042859609 | J9: =(LN(fluxes!B9)-LN(fluxes!K9))/(proteomics!$E$18) -> -0.027839776 | K9: =(LN(fluxes!B9)-LN(fluxes!L9))/(proteomics!$E$19) -> -0.16716679 | L9: =(LN(fluxes!B9)-LN(fluxes!M9))/(proteomics!$E$20) -> 0.12363568 | M9: =(LN(fluxes!B9)-LN(fluxes!N9))/(proteomics!$E$23) -> 0.18493294 | N9: =(LN(fluxes!B9)-LN(fluxes!O9))/(proteomics!$E$24) -> 0.32269803
A10: PDH | B10: =(LN(fluxes!B10)-LN(fluxes!C10))/(proteomics!$E$5) -> 0.055918447 | C10: =(LN(fluxes!B10)-LN(fluxes!D10))/(proteomics!$E$7) -> 0.0075219969 | D10: =(LN(fluxes!B10)-LN(fluxes!E10))/(proteomics!$E$8) -> 0.0020701363 | E10: =(LN(fluxes!B10)-LN(fluxes!F10))/(proteomics!$E$11) -> 0.054139058 | F10: =(LN(fluxes!B10)-LN(fluxes!G10))/(proteomics!$E$13) -> 0.063740883 | G10: =(LN(fluxes!B10)-LN(fluxes!H10))/(proteomics!$E$15) -> 0.030314583 | H10: =(LN(fluxes!B10)-LN(fluxes!I10))/(proteomics!$E$16) -> -0.036486517 | I10: =(LN(fluxes!B10)-LN(fluxes!J10))/(proteomics!$E$17) -> -0.055824421 | J10: =(LN(fluxes!B10)-LN(fluxes!K10))/(proteomics!$E$18) -> -0.013656637 | K10: =(LN(fluxes!B10)-LN(fluxes!L10))/(proteomics!$E$19) -> -0.12166684 | L10: =(LN(fluxes!B10)-LN(fluxes!M10))/(proteomics!$E$20) -> -0.24209059 | M10: =(LN(fluxes!B10)-LN(fluxes!N10))/(proteomics!$E$23) -> 0.060115869 | N10: =(LN(fluxes!B10)-LN(fluxes!O10))/(proteomics!$E$24) -> 0.15635148
A11: PGL | B11: =(LN(fluxes!B11)-LN(fluxes!C11))/(proteomics!$E$5) -> -0.40137099 | C11: =(LN(fluxes!B11)-LN(fluxes!D11))/(proteomics!$E$7) -> -0.060140451 | D11: =(LN(fluxes!B11)-LN(fluxes!E11))/(proteomics!$E$8) -> 0.11143662 | E11: =(LN(fluxes!B11)-LN(fluxes!F11))/(proteomics!$E$11) -> 0.18949113 | F11: =(LN(fluxes!B11)-LN(fluxes!G11))/(proteomics!$E$13) -> 0.23725447 | G11: =(LN(fluxes!B11)-LN(fluxes!H11))/(proteomics!$E$15) -> -0.01503981 | H11: =(LN(fluxes!B11)-LN(fluxes!I11))/(proteomics!$E$16) -> 1.3670366 | I11: =(LN(fluxes!B11)-LN(fluxes!J11))/(proteomics!$E$17) -> 0.11860831 | J11: =(LN(fluxes!B11)-LN(fluxes!K11))/(proteomics!$E$18) -> 1.1166363 | K11: =(LN(fluxes!B11)-LN(fluxes!L11))/(proteomics!$E$19) -> 0.42263705 | L11: =(LN(fluxes!B11)-LN(fluxes!M11))/(proteomics!$E$20) -> -0.17599732 | M11: =(LN(fluxes!B11)-LN(fluxes!N11))/(proteomics!$E$23) -> 0.55324304 | N11: =(LN(fluxes!B11)-LN(fluxes!O11))/(proteomics!$E$24) -> 0.7904129
A12: GND | B12: =(LN(fluxes!B12)-LN(fluxes!C12))/(proteomics!$E$5) -> -0.23159926 | C12: =(LN(fluxes!B12)-LN(fluxes!D12))/(proteomics!$E$7) -> -0.060140451 | D12: =(LN(fluxes!B12)-LN(fluxes!E12))/(proteomics!$E$8) -> 0.11143662 | E12: =(LN(fluxes!B12)-LN(fluxes!F12))/(proteomics!$E$11) -> 0.18949113 | F12: =(LN(fluxes!B12)-LN(fluxes!G12))/(proteomics!$E$13) -> 0.23725447 | G12: =(LN(fluxes!B12)-LN(fluxes!H12))/(proteomics!$E$15) -> -0.01503981 | H12: =(LN(fluxes!B12)-LN(fluxes!I12))/(proteomics!$E$16) -> 1.3670366 | I12: =(LN(fluxes!B12)-LN(fluxes!J12))/(proteomics!$E$17) -> 0.11860831 | J12: =(LN(fluxes!B12)-LN(fluxes!K12))/(proteomics!$E$18) -> 1.1166363 | K12: =(LN(fluxes!B12)-LN(fluxes!L12))/(proteomics!$E$19) -> 0.42263705 | L12: =(LN(fluxes!B12)-LN(fluxes!M12))/(proteomics!$E$20) -> 1.1822766 | M12: =(LN(fluxes!B12)-LN(fluxes!N12))/(proteomics!$E$23) -> 0.55324304 | N12: =(LN(fluxes!B12)-LN(fluxes!O12))/(proteomics!$E$24) -> 0.7904129
A13: RPE | B13: =(LN(fluxes!B13)-LN(fluxes!C13))/(proteomics!$E$5) -> -0.2682248 | C13: =(LN(fluxes!B13)-LN(fluxes!D13))/(proteomics!$E$7) -> -0.063767491 | D13: =(LN(fluxes!B13)-LN(fluxes!E13))/(proteomics!$E$8) -> 0.229198 | E13: =(LN(fluxes!B13)-LN(fluxes!F13))/(proteomics!$E$11) -> 0.3260169 | F13: =(LN(fluxes!B13)-LN(fluxes!G13))/(proteomics!$E$13) -> 0.44220753 | G13: =(LN(fluxes!B13)-LN(fluxes!H13))/(proteomics!$E$15) -> 0.0010357221 | H13: =((fluxes!B13-fluxes!I13)/(proteomics!$C$16-proteomics!$D$16))*(proteomics!$D$16/fluxes!I13) -> -0.0050430017 | I13: =(LN(fluxes!B13)-LN(fluxes!J13))/(proteomics!$E$17) -> 0.23626451 | J13: =((fluxes!B13-fluxes!K13)/(proteomics!$C$18-proteomics!$D$18))*(proteomics!$D$18/fluxes!K13) -> -0.0012121605 | K13: =(LN(fluxes!B13)-LN(fluxes!L13))/(proteomics!$E$19) -> 2.8837906 | L13: =(LN(fluxes!B13)-LN(fluxes!M13))/(proteomics!$E$20) -> 2.2342997 | M13: =(LN(fluxes!B13)-LN(fluxes!N13))/(proteomics!$E$23) -> 1.1031879 | N13: =(LN(fluxes!B13)-LN(fluxes!O13))/(proteomics!$E$24) -> 1.5225554
A14: RPI | B14: =((fluxes!B14-fluxes!C14)/(proteomics!C5-proteomics!D5))*(proteomics!D5/fluxes!C14) -> -0.03319951 | C14: =((fluxes!B14-fluxes!D14)/(proteomics!C7-proteomics!D7))*(proteomics!D7/fluxes!D14) -> -0.0003295814 | D14: =((fluxes!B14-fluxes!E14)/(proteomics!C8-proteomics!D8))*(proteomics!D8/fluxes!E14) -> 8.8814162e-05 | E14: =((fluxes!B14-fluxes!F14)/(proteomics!C11-proteomics!D11))*(proteomics!D11/fluxes!F14) -> 0.004045517 | F14: =((fluxes!B14-fluxes!G14)/(proteomics!C13-proteomics!D13))*(proteomics!D13/fluxes!G14) -> -0.045715918 | G14: =((fluxes!B14-fluxes!H14)/(proteomics!C15-proteomics!D15))*(proteomics!D15/fluxes!H14) -> -0.0028294007 | H14: =((fluxes!B14-fluxes!I14)/(proteomics!$C$16-proteomics!$D$16))*(proteomics!$D$16/fluxes!I14) -> 0.0020405224 | I14: =((fluxes!B14-fluxes!J14)/(proteomics!$C$17-proteomics!$D$17))*(proteomics!$D$17/fluxes!J14) -> 0.0079373429 | J14: =((fluxes!B14-fluxes!K14)/(proteomics!$C$18-proteomics!$D$18))*(proteomics!$D$18/fluxes!K14) -> 0.00046015923 | K14: =((fluxes!B14-fluxes!L14)/(proteomics!$C$19-proteomics!$D$19))*(proteomics!$D$19/fluxes!L14) -> 0.046921636 | L14: =((fluxes!B14-fluxes!M14)/(proteomics!$C$20-proteomics!$D$20))*(proteomics!$D$20/fluxes!M14) -> 0.4161909 | M14: =((fluxes!B14-fluxes!N14)/(proteomics!$C$23-proteomics!$D$23))*(proteomics!$D$23/fluxes!N14) -> 0.082509747 | N14: =((fluxes!B14-fluxes!O14)/(proteomics!$C$24-proteomics!$D$24))*(proteomics!$D$24/fluxes!O14) -> 0.13733922
A15: TKT1 | B15: =(LN(fluxes!B15)-LN(fluxes!C15))/(proteomics!$E$5) -> -0.25027402 | C15: =(LN(fluxes!B15)-LN(fluxes!D15))/(proteomics!$E$7) -> -0.061212971 | D15: =(LN(fluxes!B15)-LN(fluxes!E15))/(proteomics!$E$8) -> 0.15444577 | E15: =(LN(fluxes!B15)-LN(fluxes!F15))/(proteomics!$E$11) -> 0.23494126 | F15: =(LN(fluxes!B15)-LN(fluxes!G15))/(proteomics!$E$13) -> 0.25284944 | G15: =(LN(fluxes!B15)-LN(fluxes!H15))/(proteomics!$E$15) -> -0.010617963 | H15: =((fluxes!B15-fluxes!I15)/(proteomics!$C$16-proteomics!$D$16))*(proteomics!$D$16/fluxes!I15) -> -0.011893045 | I15: =(LN(fluxes!B15)-LN(fluxes!J15))/(proteomics!$E$17) -> 0.11139742 | J15: =((fluxes!B15-fluxes!K15)/(proteomics!$C$18-proteomics!$D$18))*(proteomics!$D$18/fluxes!K15) -> -0.0029288404 | K15: =(LN(fluxes!B15)-LN(fluxes!L15))/(proteomics!$E$19) -> 0.67481869 | L15: =(LN(fluxes!B15)-LN(fluxes!M15))/(proteomics!$E$20) -> 1.4311082 | M15: =(LN(fluxes!B15)-LN(fluxes!N15))/(proteomics!$E$23) -> 0.72253258 | N15: =(LN(fluxes!B15)-LN(fluxes!O15))/(proteomics!$E$24) -> 1.0152473
A16: TALA | B16: =(LN(fluxes!B16)-LN(fluxes!C16))/(proteomics!$E$5) -> -0.25027402 | C16: =(LN(fluxes!B16)-LN(fluxes!D16))/(proteomics!$E$7) -> -0.061212971 | D16: =(LN(fluxes!B16)-LN(fluxes!E16))/(proteomics!$E$8) -> 0.15444577 | E16: =(LN(fluxes!B16)-LN(fluxes!F16))/(proteomics!$E$11) -> 0.23494126 | F16: =(LN(fluxes!B16)-LN(fluxes!G16))/(proteomics!$E$13) -> 0.25284944 | G16: =(LN(fluxes!B16)-LN(fluxes!H16))/(proteomics!$E$15) -> -0.010617963 | H16: =((fluxes!B16-fluxes!I16)/(proteomics!$C$16-proteomics!$D$16))*(proteomics!$D$16/fluxes!I16) -> -0.011893045 | I16: =(LN(fluxes!B16)-LN(fluxes!J16))/(proteomics!$E$17) -> 0.11139742 | J16: =((fluxes!B16-fluxes!K16)/(proteomics!$C$18-proteomics!$D$18))*(proteomics!$D$18/fluxes!K16) -> -0.0029288404 | K16: =(LN(fluxes!B16)-LN(fluxes!L16))/(proteomics!$E$19) -> 0.67481869 | L16: =(LN(fluxes!B16)-LN(fluxes!M16))/(proteomics!$E$20) -> 1.4311082 | M16: =(LN(fluxes!B16)-LN(fluxes!N16))/(proteomics!$E$23) -> 0.72253258 | N16: =(LN(fluxes!B16)-LN(fluxes!O16))/(proteomics!$E$24) -> 1.0152473
A17: TKT2 | B17: =(LN(fluxes!B17)-LN(fluxes!C17))/(proteomics!$E$5) -> -0.29078324 | C17: =(LN(fluxes!B17)-LN(fluxes!D17))/(proteomics!$E$7) -> -0.067094688 | D17: =(LN(fluxes!B17)-LN(fluxes!E17))/(proteomics!$E$8) -> 1.0092468 | E17: =(LN(fluxes!B17)-LN(fluxes!F17))/(proteomics!$E$11) -> 0.53203271 | F17: =(LN(fluxes!B17)-LN(fluxes!G17))/(proteomics!$E$13) -> 0.50659742 | G17: =(LN(fluxes!B17)-LN(fluxes!H17))/(proteomics!$E$15) -> 0.017493572 | H17: =((fluxes!B17-fluxes!I17)/(proteomics!$C$16-proteomics!$D$16))*(proteomics!$D$16/fluxes!I17) -> -0.0033170066 | I17: =(LN(fluxes!B17)-LN(fluxes!J17))/(proteomics!$E$17) -> 0.29716265 | J17: =((fluxes!B17-fluxes!K17)/(proteomics!$C$18-proteomics!$D$18))*(proteomics!$D$18/fluxes!K17) -> -0.00078665867 | K17: =((fluxes!B17-fluxes!L17)/(proteomics!$C$19-proteomics!$D$19))*(proteomics!$D$19/fluxes!L17) -> -0.36480813 | L17: =(LN(fluxes!B17)-LN(fluxes!M17))/(proteomics!$E$20) -> 10.844071 | M17: =(LN(fluxes!B17)-LN(fluxes!N17))/(proteomics!$E$23) -> 5.1393147 | N17: =(LN(fluxes!B17)-LN(fluxes!O17))/(proteomics!$E$24) -> 6.8492816
A18: CS | B18: =(LN(fluxes!B18)-LN(fluxes!C18))/(proteomics!$E$5) -> 0.13800186 | C18: =(LN(fluxes!B18)-LN(fluxes!D18))/(proteomics!$E$7) -> 0.031064186 | D18: =(LN(fluxes!B18)-LN(fluxes!E18))/(proteomics!$E$8) -> 0.025912067 | E18: =(LN(fluxes!B18)-LN(fluxes!F18))/(proteomics!$E$11) -> 0.05910063 | F18: =(LN(fluxes!B18)-LN(fluxes!G18))/(proteomics!$E$13) -> 0.12990526 | G18: =(LN(fluxes!B18)-LN(fluxes!H18))/(proteomics!$E$15) -> 0.0069644118 | H18: =(LN(fluxes!B18)-LN(fluxes!I18))/(proteomics!$E$16) -> -0.029703304 | I18: =(LN(fluxes!B18)-LN(fluxes!J18))/(proteomics!$E$17) -> -0.043251978 | J18: =(LN(fluxes!B18)-LN(fluxes!K18))/(proteomics!$E$18) -> -0.019629505 | K18: =(LN(fluxes!B18)-LN(fluxes!L18))/(proteomics!$E$19) -> -0.13854804 | L18: =(LN(fluxes!B18)-LN(fluxes!M18))/(proteomics!$E$20) -> -0.22574681 | M18: =(LN(fluxes!B18)-LN(fluxes!N18))/(proteomics!$E$23) -> -0.010769909 | N18: =(LN(fluxes!B18)-LN(fluxes!O18))/(proteomics!$E$24) -> 0.099858715
A19: ACONTa | B19: =(LN(fluxes!B19)-LN(fluxes!C19))/(proteomics!$E$5) -> 0.13800186 | C19: =(LN(fluxes!B19)-LN(fluxes!D19))/(proteomics!$E$7) -> 0.031064186 | D19: =(LN(fluxes!B19)-LN(fluxes!E19))/(proteomics!$E$8) -> 0.025912067 | E19: =(LN(fluxes!B19)-LN(fluxes!F19))/(proteomics!$E$11) -> 0.05910063 | F19: =(LN(fluxes!B19)-LN(fluxes!G19))/(proteomics!$E$13) -> 0.12990526 | G19: =(LN(fluxes!B19)-LN(fluxes!H19))/(proteomics!$E$15) -> 0.0069644118 | H19: =(LN(fluxes!B19)-LN(fluxes!I19))/(proteomics!$E$16) -> -0.029703304 | I19: =(LN(fluxes!B19)-LN(fluxes!J19))/(proteomics!$E$17) -> -0.043251978 | J19: =(LN(fluxes!B19)-LN(fluxes!K19))/(proteomics!$E$18) -> -0.019629505 | K19: =(LN(fluxes!B19)-LN(fluxes!L19))/(proteomics!$E$19) -> -0.13854804 | L19: =(LN(fluxes!B19)-LN(fluxes!M19))/(proteomics!$E$20) -> -0.22574681 | M19: =(LN(fluxes!B19)-LN(fluxes!N19))/(proteomics!$E$23) -> -0.010769909 | N19: =(LN(fluxes!B19)-LN(fluxes!O19))/(proteomics!$E$24) -> 0.099858715
A20: ICDHyr | B20: =(LN(fluxes!B20)-LN(fluxes!C20))/(proteomics!$E$5) -> 0.23449972 | C20: =(LN(fluxes!B20)-LN(fluxes!D20))/(proteomics!$E$7) -> 0.056080151 | D20: =(LN(fluxes!B20)-LN(fluxes!E20))/(proteomics!$E$8) -> 0.057058604 | E20: =(LN(fluxes!B20)-LN(fluxes!F20))/(proteomics!$E$11) -> 0.023953503 | F20: =(LN(fluxes!B20)-LN(fluxes!G20))/(proteomics!$E$13) -> 0.1512589 | G20: =(LN(fluxes!B20)-LN(fluxes!H20))/(proteomics!$E$15) -> -0.044848074 | H20: =(LN(fluxes!B20)-LN(fluxes!I20))/(proteomics!$E$16) -> -0.017356644 | I20: =(LN(fluxes!B20)-LN(fluxes!J20))/(proteomics!$E$17) -> -0.059176521 | J20: =(LN(fluxes!B20)-LN(fluxes!K20))/(proteomics!$E$18) -> -0.028531154 | K20: =(LN(fluxes!B20)-LN(fluxes!L20))/(proteomics!$E$19) -> -0.15760705 | L20: =(LN(fluxes!B20)-LN(fluxes!M20))/(proteomics!$E$20) -> -0.22023874 | M20: =(LN(fluxes!B20)-LN(fluxes!N20))/(proteomics!$E$23) -> -0.16137139 | N20: =(LN(fluxes!B20)-LN(fluxes!O20))/(proteomics!$E$24) -> -0.068726988
A21: AKGDH | B21: =(LN(fluxes!B21)-LN(fluxes!C21))/(proteomics!$E$5) -> 0.27847605 | C21: =(LN(fluxes!B21)-LN(fluxes!D21))/(proteomics!$E$7) -> 0.066902548 | D21: =(LN(fluxes!B21)-LN(fluxes!E21))/(proteomics!$E$8) -> 0.06987963 | E21: =(LN(fluxes!B21)-LN(fluxes!F21))/(proteomics!$E$11) -> 0.034125774 | F21: =(LN(fluxes!B21)-LN(fluxes!G21))/(proteomics!$E$13) -> 0.18660817 | G21: =(LN(fluxes!B21)-LN(fluxes!H21))/(proteomics!$E$15) -> -0.044243579 | H21: =(LN(fluxes!B21)-LN(fluxes!I21))/(proteomics!$E$16) -> -0.014701729 | I21: =(LN(fluxes!B21)-LN(fluxes!J21))/(proteomics!$E$17) -> -0.049032657 | J21: =(LN(fluxes!B21)-LN(fluxes!K21))/(proteomics!$E$18) -> -0.028995919 | K21: =(LN(fluxes!B21)-LN(fluxes!L21))/(proteomics!$E$19) -> -0.16326491 | L21: =(LN(fluxes!B21)-LN(fluxes!M21))/(proteomics!$E$20) -> -0.22216477 | M21: =(LN(fluxes!B21)-LN(fluxes!N21))/(proteomics!$E$23) -> -0.16349408 | N21: =(LN(fluxes!B21)-LN(fluxes!O21))/(proteomics!$E$24) -> -0.061959115
A22: SUCDi | B22: =(LN(fluxes!B22)-LN(fluxes!C22))/(proteomics!$E$5) -> 0.1794587 | C22: =(LN(fluxes!B22)-LN(fluxes!D22))/(proteomics!$E$7) -> 0.042710171 | D22: =(LN(fluxes!B22)-LN(fluxes!E22))/(proteomics!$E$8) -> 0.037588971 | E22: =(LN(fluxes!B22)-LN(fluxes!F22))/(proteomics!$E$11) -> 0.079790901 | F22: =(LN(fluxes!B22)-LN(fluxes!G22))/(proteomics!$E$13) -> 0.21068425 | G22: =(LN(fluxes!B22)-LN(fluxes!H22))/(proteomics!$E$15) -> 0.022797073 | H22: =(LN(fluxes!B22)-LN(fluxes!I22))/(proteomics!$E$16) -> -0.021859767 | I22: =(LN(fluxes!B22)-LN(fluxes!J22))/(proteomics!$E$17) -> -0.012883029 | J22: =(LN(fluxes!B22)-LN(fluxes!K22))/(proteomics!$E$18) -> -0.014887108 | K22: =(LN(fluxes!B22)-LN(fluxes!L22))/(proteomics!$E$19) -> -0.12940154 | L22: =(LN(fluxes!B22)-LN(fluxes!M22))/(proteomics!$E$20) -> -0.1620604 | M22: =(LN(fluxes!B22)-LN(fluxes!N22))/(proteomics!$E$23) -> 0.031370561 | N22: =(LN(fluxes!B22)-LN(fluxes!O22))/(proteomics!$E$24) -> 0.17393111
A23: FUM | B23: =(LN(fluxes!B23)-LN(fluxes!C23))/(proteomics!$E$5) -> 0.16305548 | C23: =(LN(fluxes!B23)-LN(fluxes!D23))/(proteomics!$E$7) -> 0.036241458 | D23: =(LN(fluxes!B23)-LN(fluxes!E23))/(proteomics!$E$8) -> 0.031481914 | E23: =(LN(fluxes!B23)-LN(fluxes!F23))/(proteomics!$E$11) -> 0.067431921 | F23: =(LN(fluxes!B23)-LN(fluxes!G23))/(proteomics!$E$13) -> 0.16774574 | G23: =(LN(fluxes!B23)-LN(fluxes!H23))/(proteomics!$E$15) -> 0.012098029 | H23: =(LN(fluxes!B23)-LN(fluxes!I23))/(proteomics!$E$16) -> -0.028761644 | I23: =(LN(fluxes!B23)-LN(fluxes!J23))/(proteomics!$E$17) -> -0.03373809 | J23: =(LN(fluxes!B23)-LN(fluxes!K23))/(proteomics!$E$18) -> -0.020524767 | K23: =(LN(fluxes!B23)-LN(fluxes!L23))/(proteomics!$E$19) -> -0.14509794 | L23: =(LN(fluxes!B23)-LN(fluxes!M23))/(proteomics!$E$20) -> -0.227679 | M23: =(LN(fluxes!B23)-LN(fluxes!N23))/(proteomics!$E$23) -> 0.00027203597 | N23: =(LN(fluxes!B23)-LN(fluxes!O23))/(proteomics!$E$24) -> 0.1324854
A24: MDH | B24: =(LN(fluxes!B24)-LN(fluxes!C24))/(proteomics!$E$5) -> 0.070749108 | C24: =(LN(fluxes!B24)-LN(fluxes!D24))/(proteomics!$E$7) -> 0.007425262 | D24: =(LN(fluxes!B24)-LN(fluxes!E24))/(proteomics!$E$8) -> 0.0065415361 | E24: =(LN(fluxes!B24)-LN(fluxes!F24))/(proteomics!$E$11) -> 0.062995457 | F24: =(LN(fluxes!B24)-LN(fluxes!G24))/(proteomics!$E$13) -> 0.035455322 | G24: =(LN(fluxes!B24)-LN(fluxes!H24))/(proteomics!$E$15) -> 0.029927061 | H24: =(LN(fluxes!B24)-LN(fluxes!I24))/(proteomics!$E$16) -> -0.04604553 | I24: =(LN(fluxes!B24)-LN(fluxes!J24))/(proteomics!$E$17) -> -0.072345549 | J24: =(LN(fluxes!B24)-LN(fluxes!K24))/(proteomics!$E$18) -> -0.029221509 | K24: =(LN(fluxes!B24)-LN(fluxes!L24))/(proteomics!$E$19) -> -0.17034477 | L24: =(LN(fluxes!B24)-LN(fluxes!M24))/(proteomics!$E$20) -> -0.38714188 | M24: =(LN(fluxes!B24)-LN(fluxes!N24))/(proteomics!$E$23) -> 0.052095037 | N24: =(LN(fluxes!B24)-LN(fluxes!O24))/(proteomics!$E$24) -> 0.17835136
A25: PPC | B25: =(LN(fluxes!B25)-LN(fluxes!C25))/(proteomics!$E$5) -> 2.9361162 | C25: =(LN(fluxes!B25)-LN(fluxes!D25))/(proteomics!E7) -> 1.1578758 | D25: =(LN(fluxes!B25)-LN(fluxes!E25))/(proteomics!$E$8) -> 0.34679223 | E25: =(LN(fluxes!B25)-LN(fluxes!F25))/(proteomics!$E$11) -> -0.046207492 | F25: =(LN(fluxes!B25)-LN(fluxes!G25))/(proteomics!$E$13) -> 0.88895524 | G25: =(LN(fluxes!B25)-LN(fluxes!H25))/(proteomics!$E$15) -> -0.1281203 | H25: =(LN(fluxes!B25)-LN(fluxes!I25))/(proteomics!$E$16) -> 1.2354106 | I25: =(LN(fluxes!B25)-LN(fluxes!J25))/(proteomics!$E$17) -> 0.19920557 | J25: =(LN(fluxes!B25)-LN(fluxes!K25))/(proteomics!$E$18) -> 0.17473314 | K25: =(LN(fluxes!B25)-LN(fluxes!L25))/(proteomics!$E$19) -> 2.8095983 | L25: =(LN(fluxes!B25)-LN(fluxes!M25))/(proteomics!$E$20) -> 11.745488 | M25: =(LN(fluxes!B25)-LN(fluxes!N25))/(proteomics!$E$23) -> -0.36590627 | N25: =(LN(fluxes!B25)-LN(fluxes!O25))/(proteomics!$E$24) -> -0.38974647
A26: ME1 | B26: =(LN(fluxes!B26)-LN(fluxes!C26))/(proteomics!$E$5) -> -0.058577032 | C26: =(LN(fluxes!B26)-LN(fluxes!D26))/(proteomics!$E$7) -> -0.028143929 | D26: =(LN(fluxes!B26)-LN(fluxes!E26))/(proteomics!$E$8) -> -0.20417511 | E26: =(LN(fluxes!B26)-LN(fluxes!F26))/(proteomics!$E$11) -> 1.6582216 | F26: =(LN(fluxes!B26)-LN(fluxes!G26))/(proteomics!$E$13) -> 5.7611201 | G26: =(LN(fluxes!B26)-LN(fluxes!H26))/(proteomics!$E$15) -> 1.4355057 | H26: =(LN(fluxes!B26)-LN(fluxes!I26))/(proteomics!$E$16) -> -0.23555324 | I26: =(LN(fluxes!B26)-LN(fluxes!J26))/(proteomics!$E$17) -> 2.7981525 | J26: =(LN(fluxes!B26)-LN(fluxes!K26))/(proteomics!$E$18) -> 0.75641255 | K26: =(LN(fluxes!B26)-LN(fluxes!L26))/(proteomics!$E$19) -> 2.106008 | L26: =(LN(fluxes!B26)-LN(fluxes!M26))/(proteomics!$E$20) -> 8.8041385 | M26: =(LN(fluxes!B26)-LN(fluxes!N26))/(proteomics!$E$23) -> 4.1725324 | N26: =(LN(fluxes!B26)-LN(fluxes!O26))/(proteomics!$E$24) -> 5.560829
A27: ICL | B27: =(LN(fluxes!B27)-LN(fluxes!C27))/(proteomics!$E$5) -> -0.088121746 | C27: =(LN(fluxes!B27)-LN(fluxes!D27))/(proteomics!$E$7) -> -0.040226045 | D27: =(LN(fluxes!B27)-LN(fluxes!E27))/(proteomics!$E$8) -> -0.055543774 | E27: =(LN(fluxes!B27)-LN(fluxes!F27))/(proteomics!$E$11) -> 0.28021764 | F27: =(LN(fluxes!B27)-LN(fluxes!G27))/(proteomics!$E$13) -> 0.046786104 | G27: =(LN(fluxes!B27)-LN(fluxes!H27))/(proteomics!$E$15) -> 2.0045978 | H27: =(LN(fluxes!B27)-LN(fluxes!I27))/(proteomics!$E$16) -> -0.071621908 | I27: =(LN(fluxes!B27)-LN(fluxes!J27))/(proteomics!$E$17) -> 0.0263227 | J27: =(LN(fluxes!B27)-LN(fluxes!K27))/(proteomics!$E$18) -> 0.016499221 | K27: =(LN(fluxes!B27)-LN(fluxes!L27))/(proteomics!$E$19) -> -0.049502992 | L27: =(LN(fluxes!B27)-LN(fluxes!M27))/(proteomics!$E$20) -> -0.2503913 | M27: =(LN(fluxes!B27)-LN(fluxes!N27))/(proteomics!$E$23) -> 5.8266918 | N27: =(LN(fluxes!B27)-LN(fluxes!O27))/(proteomics!$E$24) -> 2.0402283
A28: MALS | B28: =(LN(fluxes!B28)-LN(fluxes!C28))/(proteomics!$E$5) -> -0.088121746 | C28: =(LN(fluxes!B28)-LN(fluxes!D28))/(proteomics!$E$7) -> -0.040226045 | D28: =(LN(fluxes!B28)-LN(fluxes!E28))/(proteomics!$E$8) -> -0.055543774 | E28: =(LN(fluxes!B28)-LN(fluxes!F28))/(proteomics!$E$11) -> 0.28021764 | F28: =(LN(fluxes!B28)-LN(fluxes!G28))/(proteomics!$E$13) -> 0.046786104 | G28: =(LN(fluxes!B28)-LN(fluxes!H28))/(proteomics!$E$15) -> 2.0045978 | H28: =(LN(fluxes!B28)-LN(fluxes!I28))/(proteomics!$E$16) -> -0.071621908 | I28: =(LN(fluxes!B28)-LN(fluxes!J28))/(proteomics!$E$17) -> 0.0263227 | J28: =(LN(fluxes!B28)-LN(fluxes!K28))/(proteomics!$E$18) -> 0.016499221 | K28: =(LN(fluxes!B28)-LN(fluxes!L28))/(proteomics!$E$19) -> -0.049502992 | L28: =(LN(fluxes!B28)-LN(fluxes!M28))/(proteomics!$E$20) -> -0.2503913 | M28: =(LN(fluxes!B28)-LN(fluxes!N28))/(proteomics!$E$23) -> 5.8266918 | N28: =(LN(fluxes!B28)-LN(fluxes!O28))/(proteomics!$E$24) -> 2.0402283
A29: EX_co2_e | B29: =(LN(fluxes!B29)-LN(fluxes!C29))/(proteomics!$E$5) -> 0.082575884 | C29: =(LN(fluxes!B29)-LN(fluxes!D29))/(proteomics!$E$7) -> 0.019562094 | D29: =(LN(fluxes!B29)-LN(fluxes!E29))/(proteomics!$E$8) -> 0.033255901 | E29: =(LN(fluxes!B29)-LN(fluxes!F29))/(proteomics!$E$11) -> 0.069408417 | F29: =(LN(fluxes!B29)-LN(fluxes!G29))/(proteomics!$E$13) -> 0.14680814 | G29: =(LN(fluxes!B29)-LN(fluxes!H29))/(proteomics!$E$15) -> 0.0054394696 | H29: =(LN(fluxes!B29)-LN(fluxes!I29))/(proteomics!$E$16) -> -0.013859159 | I29: =(LN(fluxes!B29)-LN(fluxes!J29))/(proteomics!$E$17) -> -0.02824582 | J29: =(LN(fluxes!B29)-LN(fluxes!K29))/(proteomics!$E$18) -> -0.0074535958 | K29: =(LN(fluxes!B29)-LN(fluxes!L29))/(proteomics!$E$19) -> -0.11283562 | L29: =(LN(fluxes!B29)-LN(fluxes!M29))/(proteomics!$E$20) -> -0.13176395 | M29: =(LN(fluxes!B29)-LN(fluxes!N29))/(proteomics!$E$23) -> 0.0296849 | N29: =(LN(fluxes!B29)-LN(fluxes!O29))/(proteomics!$E$24) -> 0.15487039
